TRACT,LON,LAT,CRIM,ZN,INDUS,CHAS,NOX,RM,AGE,DIS,RAD,TAX,PTRATIO,CATEGORIAS,MEDV
2011,-70.955,42.255,0.00632,18.0,2.31,0,0.538,6,65.2,4.09,1,296,15.3,Medio,24.0
2021,-70.95,42.2875,0.02731,0.0,7.07,0,0.469,6,78.9,4.9671,2,242,17.8,Medio,21.6
2022,-70.936,42.283,0.02729,0.0,7.07,0,0.469,7,61.1,4.9671,2,242,17.8,Grande,34.7
2031,-70.928,42.293,0.03237,0.0,2.18,0,0.458,6,45.8,6.0622,3,222,18.7,Medio,33.4
2032,-70.922,42.298,0.06905,0.0,2.18,0,0.458,7,54.2,6.0622,3,222,18.7,Grande,36.2
2033,-70.9165,42.304,0.02985,0.0,2.18,0,0.458,6,58.7,6.0622,3,222,18.7,Medio,28.7
2041,-70.936,42.297,0.08829,12.5,7.87,0,0.524,6,66.6,5.5605,5,311,15.2,Medio,22.9
2042,-70.9375,42.31,0.14455,12.5,7.87,0,0.524,6,96.1,5.9505,5,311,15.2,Medio,22.1
2043,-70.933,42.312,0.21124,12.5,7.87,0,0.524,5,100.0,6.0821,5,311,15.2,Medio,16.5
2044,-70.929,42.316,0.17004,12.5,7.87,0,0.524,6,85.9,6.5921,5,311,15.2,Medio,18.9
2045,-70.935,42.316,0.22489,12.5,7.87,0,0.524,6,94.3,6.3467,5,311,15.2,Medio,15.0
2046,-70.944,42.317,0.11747,12.5,7.87,0,0.524,6,82.9,6.2267,5,311,15.2,Medio,18.9
2047,-70.951,42.306,0.09378,12.5,7.87,0,0.524,5,39.0,5.4509,5,311,15.2,Medio,21.7
2051,-70.9645,42.292,0.62976,0.0,8.14,0,0.538,5,61.8,4.7075,4,307,21.0,Medio,20.4
2052,-70.972,42.287,0.63796,0.0,8.14,0,0.538,6,84.5,4.4619,4,307,21.0,Medio,18.2
2053,-70.9765,42.294,0.62739,0.0,8.14,0,0.538,5,56.5,4.4986,4,307,21.0,Medio,19.9
2054,-70.987,42.2985,1.05393,0.0,8.14,0,0.538,5,29.3,4.4986,4,307,21.0,Medio,23.1
2055,-70.978,42.285,0.7842,0.0,8.14,0,0.538,5,81.7,4.2579,4,307,21.0,Medio,17.5
2056,-70.9925,42.2825,0.80271,0.0,8.14,0,0.538,5,36.6,3.7965,4,307,21.0,Medio,20.2
2057,-70.988,42.2776,0.7258,0.0,8.14,0,0.538,5,69.5,3.7965,4,307,21.0,Medio,18.2
2058,-70.9835,42.277,1.25179,0.0,8.14,0,0.538,5,98.1,3.7979,4,307,21.0,Medio,13.6
2059,-70.982,42.281,0.85204,0.0,8.14,0,0.538,5,89.2,4.0123,4,307,21.0,Medio,19.6
2060,-70.9775,42.279,1.23247,0.0,8.14,0,0.538,6,91.7,3.9769,4,307,21.0,Medio,15.2
2061,-70.973,42.279,0.98843,0.0,8.14,0,0.538,5,100.0,4.0952,4,307,21.0,Medio,14.5
2062,-70.9693,42.2816,0.75026,0.0,8.14,0,0.538,5,94.1,4.3996,4,307,21.0,Medio,15.6
2063,-70.964,42.284,0.84054,0.0,8.14,0,0.538,5,85.7,4.4546,4,307,21.0,Medio,13.9
2064,-70.9597,42.287,0.67191,0.0,8.14,0,0.538,5,90.3,4.682,4,307,21.0,Medio,16.6
2065,-70.9597,42.2825,0.95577,0.0,8.14,0,0.538,6,88.8,4.4534,4,307,21.0,Medio,14.8
2066,-70.957,42.28,0.77299,0.0,8.14,0,0.538,6,94.4,4.4547,4,307,21.0,Medio,18.4
2067,-70.951,42.278,1.00245,0.0,8.14,0,0.538,6,87.3,4.239,4,307,21.0,Medio,21.0
2068,-70.967,42.279,1.13081,0.0,8.14,0,0.538,5,94.1,4.233,4,307,21.0,Medio,12.7
2069,-70.964,42.2765,1.35472,0.0,8.14,0,0.538,6,100.0,4.175,4,307,21.0,Medio,14.5
2070,-70.972,42.2765,1.38799,0.0,8.14,0,0.538,5,82.0,3.99,4,307,21.0,Medio,13.2
2071,-70.9795,42.276,1.15172,0.0,8.14,0,0.538,5,95.0,3.7872,4,307,21.0,Medio,13.1
2072,-70.9775,42.272,1.61282,0.0,8.14,0,0.538,6,96.9,3.7598,4,307,21.0,Medio,13.5
2081,-71.0,42.27,0.06417,0.0,5.96,0,0.499,5,68.2,3.3603,5,279,19.2,Medio,18.9
2082,-71.008,42.2745,0.09744,0.0,5.96,0,0.499,5,61.4,3.3779,5,279,19.2,Medio,20.0
2083,-71.004,42.2865,0.08014,0.0,5.96,0,0.499,5,41.5,3.9342,5,279,19.2,Medio,21.0
2084,-71.02,42.2875,0.17505,0.0,5.96,0,0.499,5,30.2,3.8473,5,279,19.2,Medio,24.2
2091,-71.013,42.313,0.02763,75.0,2.95,0,0.428,6,21.8,5.4011,3,252,18.3,Medio,30.8
2092,-71.03,42.324,0.03359,75.0,2.95,0,0.428,7,15.8,5.4011,3,252,18.3,Grande,34.9
2101,-71.004,42.335,0.12744,0.0,6.91,0,0.448,6,2.9,5.7209,3,233,17.9,Medio,26.6
2102,-71.003,42.3235,0.1415,0.0,6.91,0,0.448,6,6.6,5.7209,3,233,17.9,Medio,25.3
2103,-70.9775,42.3237,0.15936,0.0,6.91,0,0.448,6,6.5,5.7209,3,233,17.9,Medio,24.7
2104,-70.9675,42.317,0.12269,0.0,6.91,0,0.448,6,40.0,5.7209,3,233,17.9,Medio,21.2
2105,-70.9725,42.3075,0.17142,0.0,6.91,0,0.448,5,33.8,5.1004,3,233,17.9,Medio,19.3
2106,-70.965,42.3075,0.18836,0.0,6.91,0,0.448,5,33.3,5.1004,3,233,17.9,Medio,20.0
2107,-70.956,42.3125,0.22927,0.0,6.91,0,0.448,6,85.5,5.6894,3,233,17.9,Medio,16.6
2108,-70.955,42.3165,0.25387,0.0,6.91,0,0.448,5,95.3,5.87,3,233,17.9,Medio,14.4
2109,-70.9525,42.3208,0.21977,0.0,6.91,0,0.448,5,62.0,6.0877,3,233,17.9,Medio,19.4
2111,-70.951,42.334,0.08873,21.0,5.64,0,0.439,5,45.7,6.8147,4,243,16.8,Medio,19.7
2112,-70.963,42.3382,0.04337,21.0,5.64,0,0.439,6,63.0,6.8147,4,243,16.8,Medio,20.5
2113,-70.958,42.346,0.0536,21.0,5.64,0,0.439,6,21.1,6.8147,4,243,16.8,Medio,25.0
2114,-70.978,42.3425,0.04981,21.0,5.64,0,0.439,5,21.4,6.8147,4,243,16.8,Medio,23.4
2121,-71.0175,42.3715,0.0136,75.0,4.0,0,0.41,5,47.6,7.3197,3,469,21.1,Medio,18.9
2141,-70.9625,42.381,0.01311,90.0,1.22,0,0.403,7,21.9,8.6966,5,226,17.9,Grande,35.4
2151,-70.93,42.374,0.02055,85.0,0.74,0,0.41,6,35.7,9.1876,2,313,17.3,Medio,24.7
2161,-70.9295,42.3715,0.01432,100.0,1.32,0,0.411,6,40.5,8.3248,5,256,15.1,Medio,31.6
2171,-70.9385,42.346,0.15445,25.0,5.13,0,0.453,6,29.2,7.8148,8,284,19.7,Medio,23.3
2172,-70.94,42.332,0.10328,25.0,5.13,0,0.453,5,47.2,6.932,8,284,19.7,Medio,19.6
2173,-70.93,42.337,0.14932,25.0,5.13,0,0.453,5,66.2,7.2254,8,284,19.7,Medio,18.7
2174,-70.93,42.3275,0.17171,25.0,5.13,0,0.453,5,93.4,6.8185,8,284,19.7,Medio,16.0
2175,-70.9215,42.332,0.11027,25.0,5.13,0,0.453,6,67.8,7.2255,8,284,19.7,Medio,22.2
2176,-70.9075,42.339,0.1265,25.0,5.13,0,0.453,6,43.4,7.9809,8,284,19.7,Medio,25.0
2181,-70.86,42.345,0.01951,17.5,1.38,0,0.4161,7,59.5,9.2229,3,216,18.6,Grande,33.0
3301,-71.045,42.345,0.03584,80.0,3.37,0,0.398,6,17.8,6.6115,4,337,16.1,Medio,23.5
3302,-71.069,42.3525,0.04379,80.0,3.37,0,0.398,5,31.1,6.6115,4,337,16.1,Medio,19.4
3311,-71.09,42.3362,0.05789,12.5,6.07,0,0.409,5,21.4,6.498,4,345,18.9,Medio,22.0
3312,-71.108,42.34,0.13554,12.5,6.07,0,0.409,5,36.8,6.498,4,345,18.9,Medio,17.4
3313,-71.111,42.327,0.12816,12.5,6.07,0,0.409,5,33.0,6.498,4,345,18.9,Medio,20.9
3321,-71.121,42.316,0.08826,0.0,10.81,0,0.413,6,6.6,5.2873,4,305,19.2,Medio,24.2
3322,-71.1095,42.3008,0.15876,0.0,10.81,0,0.413,5,17.5,5.2873,4,305,19.2,Medio,21.7
3323,-71.13,42.305,0.09164,0.0,10.81,0,0.413,6,7.8,5.2873,4,305,19.2,Medio,22.8
3324,-71.123,42.292,0.19539,0.0,10.81,0,0.413,6,6.2,5.2873,4,305,19.2,Medio,23.4
3331,-71.1105,42.289,0.07896,0.0,12.83,0,0.437,6,6.0,4.2515,5,398,18.7,Medio,24.1
3332,-71.1,42.2875,0.09512,0.0,12.83,0,0.437,6,45.0,4.5026,5,398,18.7,Medio,21.4
3333,-71.09,42.2835,0.10153,0.0,12.83,0,0.437,6,74.5,4.0522,5,398,18.7,Medio,20.0
3334,-71.076,42.2895,0.08707,0.0,12.83,0,0.437,6,45.8,4.0905,5,398,18.7,Medio,20.8
3335,-71.0905,42.295,0.05646,0.0,12.83,0,0.437,6,53.7,5.0141,5,398,18.7,Medio,21.2
3336,-71.091,42.305,0.08387,0.0,12.83,0,0.437,5,36.6,4.5026,5,398,18.7,Medio,20.3
3341,-71.0685,42.308,0.04113,25.0,4.86,0,0.426,6,33.5,5.4007,4,281,19.0,Medio,28.0
3342,-71.069,42.315,0.04462,25.0,4.86,0,0.426,6,70.4,5.4007,4,281,19.0,Medio,23.9
3343,-71.0675,42.326,0.03659,25.0,4.86,0,0.426,6,32.2,5.4007,4,281,19.0,Medio,24.8
3344,-71.0575,42.317,0.03551,25.0,4.86,0,0.426,6,46.7,5.4007,4,281,19.0,Medio,22.9
3351,-71.043,42.3075,0.05059,0.0,4.49,0,0.449,6,48.0,4.7794,3,247,18.5,Medio,23.9
3352,-71.05,42.3,0.05735,0.0,4.49,0,0.449,6,56.1,4.4377,3,247,18.5,Medio,26.6
3353,-71.033,42.305,0.05188,0.0,4.49,0,0.449,6,45.1,4.4272,3,247,18.5,Medio,22.5
3354,-71.039,42.2885,0.07151,0.0,4.49,0,0.449,6,56.8,3.7476,3,247,18.5,Medio,22.2
3361,-71.042,42.2796,0.0566,0.0,3.41,0,0.489,7,86.3,3.4217,2,270,17.8,Grande,23.6
3362,-71.0345,42.2785,0.05302,0.0,3.41,0,0.489,7,63.1,3.4145,2,270,17.8,Grande,28.7
3363,-71.03,42.272,0.04684,0.0,3.41,0,0.489,6,66.1,3.0923,2,270,17.8,Medio,22.6
3364,-71.0425,42.2715,0.03932,0.0,3.41,0,0.489,6,73.9,3.0921,2,270,17.8,Medio,22.0
3371,-71.053,42.283,0.04203,28.0,15.04,0,0.464,6,53.6,3.6659,4,270,18.2,Medio,22.9
3372,-71.062,42.296,0.02875,28.0,15.04,0,0.464,6,28.9,3.6659,4,270,18.2,Medio,25.0
3373,-71.0615,42.284,0.04294,28.0,15.04,0,0.464,6,77.3,3.615,4,270,18.2,Medio,20.6
3381,-71.076,42.2775,0.12204,0.0,2.89,0,0.445,6,57.8,3.4952,2,276,18.0,Medio,28.4
3382,-71.085,42.2775,0.11504,0.0,2.89,0,0.445,6,69.6,3.4952,2,276,18.0,Medio,21.4
3383,-71.089,42.2715,0.12083,0.0,2.89,0,0.445,8,76.0,3.4952,2,276,18.0,Grande,38.7
3384,-71.0982,42.2685,0.08187,0.0,2.89,0,0.445,7,36.9,3.4952,2,276,18.0,Grande,43.8
3385,-71.08,42.268,0.0686,0.0,2.89,0,0.445,7,62.5,3.4952,2,276,18.0,Grande,33.2
3391,-71.0668,42.2545,0.14866,0.0,8.56,0,0.52,6,79.9,2.7778,5,384,20.9,Medio,27.5
3392,-71.081,42.245,0.11432,0.0,8.56,0,0.52,6,71.3,2.8561,5,384,20.9,Medio,26.5
3393,-71.0812,42.2515,0.22876,0.0,8.56,0,0.52,6,85.4,2.7147,5,384,20.9,Medio,18.6
3394,-71.077,42.249,0.21161,0.0,8.56,0,0.52,6,87.4,2.7147,5,384,20.9,Medio,19.3
3395,-71.069,42.248,0.1396,0.0,8.56,0,0.52,6,90.0,2.421,5,384,20.9,Medio,20.1
3396,-71.0662,42.2425,0.13262,0.0,8.56,0,0.52,5,96.7,2.1069,5,384,20.9,Medio,19.5
3397,-71.0622,42.2431,0.1712,0.0,8.56,0,0.52,5,91.9,2.211,5,384,20.9,Medio,19.5
3398,-71.0553,42.2465,0.13117,0.0,8.56,0,0.52,6,85.2,2.1224,5,384,20.9,Medio,20.4
3399,-71.055,42.2505,0.12802,0.0,8.56,0,0.52,6,97.1,2.4329,5,384,20.9,Medio,19.8
3400,-71.06,42.254,0.26363,0.0,8.56,0,0.52,6,91.2,2.5451,5,384,20.9,Medio,19.4
3401,-71.056,42.2605,0.10793,0.0,8.56,0,0.52,6,54.4,2.7778,5,384,20.9,Medio,21.7
3411,-71.0475,42.261,0.10084,0.0,10.01,0,0.547,6,81.6,2.6775,6,432,17.8,Medio,22.8
3412,-71.049,42.253,0.12329,0.0,10.01,0,0.547,5,92.9,2.3534,6,432,17.8,Medio,18.8
3413,-71.0428,42.258,0.22212,0.0,10.01,0,0.547,6,95.4,2.548,6,432,17.8,Medio,18.7
3414,-71.0396,42.2512,0.14231,0.0,10.01,0,0.547,6,84.2,2.2565,6,432,17.8,Medio,18.5
3415,-71.0355,42.2545,0.17134,0.0,10.01,0,0.547,5,88.2,2.4631,6,432,17.8,Medio,18.3
3416,-71.036,42.2608,0.13158,0.0,10.01,0,0.547,6,72.5,2.7301,6,432,17.8,Medio,21.2
3417,-71.0285,42.262,0.15098,0.0,10.01,0,0.547,6,82.6,2.7474,6,432,17.8,Medio,19.2
3418,-71.0285,42.258,0.13058,0.0,10.01,0,0.547,5,73.1,2.4775,6,432,17.8,Medio,20.4
3419,-71.019,42.2605,0.14476,0.0,10.01,0,0.547,5,65.2,2.7592,6,432,17.8,Medio,19.3
3421,-71.0243,42.2483,0.06899,0.0,25.65,0,0.581,5,69.7,2.2577,2,188,19.1,Medio,22.0
3422,-71.0312,42.2505,0.07165,0.0,25.65,0,0.581,6,84.1,2.1974,2,188,19.1,Medio,20.3
3423,-71.0377,42.247,0.09299,0.0,25.65,0,0.581,5,92.9,2.0869,2,188,19.1,Medio,20.5
3424,-71.037,42.2435,0.15038,0.0,25.65,0,0.581,5,97.0,1.9444,2,188,19.1,Medio,17.3
3425,-71.0308,42.245,0.09849,0.0,25.65,0,0.581,5,95.8,2.0063,2,188,19.1,Medio,18.8
3426,-71.0262,42.2431,0.16902,0.0,25.65,0,0.581,5,88.4,1.9929,2,188,19.1,Medio,21.4
3427,-71.0333,42.2395,0.38735,0.0,25.65,0,0.581,5,95.6,1.7572,2,188,19.1,Medio,15.7
3501,-71.053,42.2355,0.25915,0.0,21.89,0,0.624,5,96.0,1.7883,4,437,21.2,Medio,16.2
3502,-71.058,42.235,0.32543,0.0,21.89,0,0.624,6,98.8,1.8125,4,437,21.2,Medio,18.0
3503,-71.0638,42.2368,0.88125,0.0,21.89,0,0.624,5,94.7,1.9799,4,437,21.2,Medio,14.3
3504,-71.0692,42.239,0.34006,0.0,21.89,0,0.624,6,98.9,2.1185,4,437,21.2,Medio,19.2
3505,-71.075,42.24,1.19294,0.0,21.89,0,0.624,6,97.7,2.271,4,437,21.2,Medio,19.6
3506,-71.0745,42.2405,0.59005,0.0,21.89,0,0.624,6,97.9,2.3274,4,437,21.2,Medio,23.0
3507,-71.079,42.245,0.32982,0.0,21.89,0,0.624,5,95.4,2.4699,4,437,21.2,Medio,18.4
3508,-71.076,42.2405,0.97617,0.0,21.89,0,0.624,5,98.4,2.346,4,437,21.2,Medio,15.6
3509,-71.075,42.2362,0.55778,0.0,21.89,0,0.624,6,98.2,2.1107,4,437,21.2,Medio,18.1
3510,-71.0677,42.2335,0.32264,0.0,21.89,0,0.624,5,93.5,1.9669,4,437,21.2,Medio,17.4
3511,-71.063,42.2325,0.35233,0.0,21.89,0,0.624,6,98.4,1.8498,4,437,21.2,Medio,17.1
3512,-71.062,42.2275,0.2498,0.0,21.89,0,0.624,5,98.2,1.6686,4,437,21.2,Medio,13.3
3513,-71.0568,42.23,0.54452,0.0,21.89,0,0.624,6,97.9,1.6687,4,437,21.2,Medio,17.8
3514,-71.0518,42.2312,0.2909,0.0,21.89,0,0.624,6,93.6,1.6119,4,437,21.2,Medio,14.0
3515,-71.0543,42.2265,1.62864,0.0,21.89,0,0.624,5,100.0,1.4394,4,437,21.2,Medio,14.4
3521,-71.048,42.2222,3.32105,0.0,19.58,1,0.871,5,100.0,1.3216,5,403,14.7,Medio,13.4
3522,-71.0519,42.223,4.0974,0.0,19.58,0,0.871,5,100.0,1.4118,5,403,14.7,Medio,15.6
3523,-71.051,42.2205,2.77974,0.0,19.58,0,0.871,4,97.8,1.3459,5,403,14.7,Pequeno,11.8
3524,-71.054,42.219,2.37934,0.0,19.58,0,0.871,6,100.0,1.4191,5,403,14.7,Medio,13.8
3525,-71.059,42.221,2.15505,0.0,19.58,0,0.871,5,100.0,1.5166,5,403,14.7,Medio,15.6
3526,-71.0555,42.2222,2.36862,0.0,19.58,0,0.871,4,95.7,1.4608,5,403,14.7,Pequeno,14.6
3527,-71.0567,42.224,2.33099,0.0,19.58,0,0.871,5,93.8,1.5296,5,403,14.7,Medio,17.8
3528,-71.058,42.223,2.73397,0.0,19.58,0,0.871,5,94.9,1.5257,5,403,14.7,Medio,15.4
3529,-71.062,42.2236,1.6566,0.0,19.58,0,0.871,6,97.3,1.618,5,403,14.7,Medio,21.5
3530,-71.0622,42.2205,1.49632,0.0,19.58,0,0.871,5,100.0,1.5916,5,403,14.7,Medio,19.6
3531,-71.059,42.217,1.12658,0.0,19.58,1,0.871,5,88.0,1.6102,5,403,14.7,Medio,15.3
3532,-71.0645,42.215,2.14918,0.0,19.58,0,0.871,5,98.5,1.6232,5,403,14.7,Medio,19.4
3533,-71.0662,42.2162,1.41385,0.0,19.58,1,0.871,6,96.0,1.7494,5,403,14.7,Medio,17.0
3534,-71.068,42.215,3.53501,0.0,19.58,1,0.871,6,82.6,1.7455,5,403,14.7,Medio,15.6
3535,-71.0667,42.22,2.44668,0.0,19.58,0,0.871,5,94.0,1.7364,5,403,14.7,Medio,13.1
3536,-71.069,42.2285,1.22358,0.0,19.58,0,0.605,6,97.4,1.8773,5,403,14.7,Medio,41.3
3537,-71.067,42.2245,1.34284,0.0,19.58,0,0.605,6,100.0,1.7573,5,403,14.7,Medio,24.3
3538,-71.065,42.2223,1.42502,0.0,19.58,0,0.871,6,100.0,1.7659,5,403,14.7,Medio,23.3
3539,-71.07,42.2214,1.27346,0.0,19.58,1,0.605,6,92.6,1.7984,5,403,14.7,Medio,27.0
3543,-71.0918,42.2265,2.24236,0.0,19.58,0,0.605,5,91.8,2.422,5,403,14.7,Medio,22.7
3544,-71.082,42.2295,2.924,0.0,19.58,0,0.605,6,93.0,2.2834,5,403,14.7,Medio,25.0
3546,-71.0866,42.2345,1.80028,0.0,19.58,0,0.605,5,79.2,2.4259,5,403,14.7,Medio,23.8
3547,-71.074,42.2331,2.3004,0.0,19.58,0,0.605,6,96.1,2.1,5,403,14.7,Medio,23.8
3548,-71.0775,42.2351,2.44953,0.0,19.58,0,0.605,6,95.2,2.2625,5,403,14.7,Medio,22.3
3549,-71.081,42.2368,1.20742,0.0,19.58,0,0.605,5,94.6,2.4259,5,403,14.7,Medio,17.4
3550,-71.0792,42.239,2.3139,0.0,19.58,0,0.605,5,97.3,2.3887,5,403,14.7,Medio,19.1
3561,-71.087,42.2416,0.13914,0.0,4.05,0,0.51,5,88.5,2.5961,5,296,16.6,Medio,23.1
3562,-71.0855,42.245,0.09178,0.0,4.05,0,0.51,6,84.1,2.6463,5,296,16.6,Medio,23.6
3563,-71.0833,42.2475,0.08447,0.0,4.05,0,0.51,5,68.7,2.7019,5,296,16.6,Medio,22.6
3564,-71.094,42.2575,0.06664,0.0,4.05,0,0.51,6,33.1,3.1323,5,296,16.6,Medio,29.4
3565,-71.1125,42.255,0.07022,0.0,4.05,0,0.51,6,47.2,3.5549,5,296,16.6,Medio,23.2
3566,-71.106,42.2512,0.05425,0.0,4.05,0,0.51,6,73.4,3.3175,5,296,16.6,Medio,24.6
3567,-71.0965,42.247,0.06642,0.0,4.05,0,0.51,6,74.4,2.9153,5,296,16.6,Medio,29.9
3571,-71.1,42.2408,0.0578,0.0,2.46,0,0.488,6,58.4,2.829,3,193,17.8,Medio,37.2
3572,-71.0995,42.2345,0.06588,0.0,2.46,0,0.488,7,83.3,2.741,3,193,17.8,Grande,39.8
3573,-71.0966,42.2282,0.06888,0.0,2.46,0,0.488,6,62.2,2.5979,3,193,17.8,Medio,36.2
3574,-71.1005,42.2287,0.09103,0.0,2.46,0,0.488,7,92.2,2.7006,3,193,17.8,Grande,37.9
3575,-71.1065,42.23,0.10008,0.0,2.46,0,0.488,6,95.6,2.847,3,193,17.8,Medio,32.5
3576,-71.112,42.23,0.08308,0.0,2.46,0,0.488,5,89.8,2.9879,3,193,17.8,Medio,26.4
3577,-71.1175,42.235,0.06047,0.0,2.46,0,0.488,6,68.8,3.2797,3,193,17.8,Medio,29.6
3581,-71.122,42.2565,0.07875,45.0,3.44,0,0.437,6,41.1,3.7886,5,398,15.2,Medio,32.0
3583,-71.1408,42.255,0.12579,45.0,3.44,0,0.437,6,29.1,4.5667,5,398,15.2,Medio,29.8
3584,-71.145,42.2651,0.0837,45.0,3.44,0,0.437,7,38.9,4.5667,5,398,15.2,Grande,34.9
3585,-71.1216,42.27,0.09068,45.0,3.44,0,0.437,6,21.5,6.4798,5,398,15.2,Medio,33.0
3586,-71.1485,42.2765,0.06911,45.0,3.44,0,0.437,6,30.8,6.4798,5,398,15.2,Medio,30.5
3587,-71.134,42.2785,0.08664,45.0,3.44,0,0.437,7,26.3,6.4798,5,398,15.2,Grande,36.4
3591,-71.1525,42.3,0.02187,60.0,2.93,0,0.401,6,9.9,6.2196,1,265,15.6,Medio,31.1
3592,-71.1633,42.303,0.01439,60.0,2.93,0,0.401,6,18.8,6.2196,1,265,15.6,Medio,29.1
3611,-71.22,42.2715,0.04011,80.0,1.52,0,0.404,7,34.1,7.309,2,329,12.6,Grande,33.3
3612,-71.24,42.2725,0.04666,80.0,1.52,0,0.404,7,36.6,7.309,2,329,12.6,Grande,30.3
3613,-71.222,42.289,0.03768,80.0,1.52,0,0.404,7,38.3,7.309,2,329,12.6,Grande,34.6
3651,-71.244,42.2425,0.0315,95.0,1.47,0,0.403,6,15.3,7.6534,3,402,17.0,Medio,34.9
3652,-71.263,42.2225,0.01778,95.0,1.47,0,0.403,7,13.9,7.6534,3,402,17.0,Grande,32.9
3661,-71.2185,42.1955,0.03445,82.5,2.03,0,0.415,6,38.4,6.27,2,348,14.7,Medio,24.1
3662,-71.214,42.218,0.02177,82.5,2.03,0,0.415,7,15.7,6.27,2,348,14.7,Grande,42.3
3681,-71.1475,42.2445,0.13642,0.0,10.59,0,0.489,5,22.3,3.9454,4,277,18.6,Medio,22.6
3682,-71.15,42.2308,0.22969,0.0,10.59,0,0.489,6,52.5,4.3549,4,277,18.6,Medio,24.4
3683,-71.149,42.2268,0.25199,0.0,10.59,0,0.489,5,72.7,4.3549,4,277,18.6,Medio,22.5
3684,-71.1503,42.222,0.13587,0.0,10.59,1,0.489,6,59.1,4.2392,4,277,18.6,Medio,24.4
3685,-71.143,42.2217,0.43571,0.0,10.59,1,0.489,5,100.0,3.875,4,277,18.6,Medio,20.0
3686,-71.1435,42.2177,0.17446,0.0,10.59,1,0.489,5,92.1,3.8771,4,277,18.6,Medio,21.7
3687,-71.138,42.2216,0.37578,0.0,10.59,1,0.489,5,88.6,3.665,4,277,18.6,Medio,19.3
3688,-71.1335,42.225,0.21719,0.0,10.59,1,0.489,5,53.8,3.6526,4,277,18.6,Medio,22.4
3689,-71.1375,42.2355,0.14052,0.0,10.59,0,0.489,6,32.3,3.9454,4,277,18.6,Medio,28.1
3690,-71.127,42.235,0.28955,0.0,10.59,0,0.489,5,9.8,3.5875,4,277,18.6,Medio,23.7
3691,-71.1245,42.2277,0.19802,0.0,10.59,0,0.489,6,42.4,3.9454,4,277,18.6,Medio,25.0
3701,-71.1166,42.223,0.0456,0.0,13.89,1,0.55,5,56.0,3.1121,5,276,16.4,Medio,23.3
3702,-71.105,42.2235,0.07013,0.0,13.89,0,0.55,6,85.1,3.4211,5,276,16.4,Medio,28.7
3703,-71.0933,42.222,0.11069,0.0,13.89,1,0.55,5,93.8,2.8893,5,276,16.4,Medio,21.5
3704,-71.106,42.2185,0.11425,0.0,13.89,1,0.55,6,92.4,3.3633,5,276,16.4,Medio,23.0
3731,-71.11,42.2137,0.35809,0.0,6.2,1,0.507,6,88.5,2.8617,8,307,17.4,Medio,26.7
3732,-71.121,42.2166,0.40771,0.0,6.2,1,0.507,6,91.3,3.048,8,307,17.4,Medio,21.7
3733,-71.125,42.2134,0.62356,0.0,6.2,1,0.507,6,77.7,3.2721,8,307,17.4,Medio,27.5
3734,-71.1208,42.2183,0.6147,0.0,6.2,0,0.507,6,80.8,3.2721,8,307,17.4,Medio,30.1
3735,-71.11,42.206,0.31533,0.0,6.2,0,0.504,8,78.3,2.8944,8,307,17.4,Grande,44.8
3737,-71.1215,42.2025,0.38214,0.0,6.2,0,0.504,8,86.5,3.2157,8,307,17.4,Grande,37.6
3738,-71.116,42.1947,0.41238,0.0,6.2,0,0.504,7,79.9,3.2157,8,307,17.4,Grande,31.6
3740,-71.119,42.1807,0.44178,0.0,6.2,0,0.504,6,21.4,3.3751,8,307,17.4,Medio,31.5
3741,-71.13,42.188,0.537,0.0,6.2,0,0.504,5,68.1,3.6715,8,307,17.4,Medio,24.3
3742,-71.1285,42.193,0.46296,0.0,6.2,0,0.504,7,76.9,3.6715,8,307,17.4,Grande,31.7
3743,-71.14,42.1946,0.57529,0.0,6.2,0,0.507,8,73.3,3.8384,8,307,17.4,Grande,41.7
3745,-71.132,42.2142,0.44791,0.0,6.2,1,0.507,6,66.5,3.6519,8,307,17.4,Medio,29.0
3746,-71.138,42.2141,0.33045,0.0,6.2,0,0.507,6,61.5,3.6519,8,307,17.4,Medio,24.0
3747,-71.1485,42.211,0.52058,0.0,6.2,1,0.507,6,76.5,4.148,8,307,17.4,Medio,25.1
3748,-71.1491,42.203,0.51183,0.0,6.2,0,0.507,7,71.6,4.148,8,307,17.4,Grande,31.5
3821,-71.2055,42.1875,0.08244,30.0,4.93,0,0.428,6,18.5,6.1899,6,300,16.6,Medio,23.7
3822,-71.2035,42.187,0.09252,30.0,4.93,0,0.428,6,42.2,6.1899,6,300,16.6,Medio,23.3
3823,-71.1966,42.164,0.11329,30.0,4.93,0,0.428,6,54.3,6.3361,6,300,16.6,Medio,27.0
3824,-71.2138,42.1645,0.10612,30.0,4.93,0,0.428,6,65.1,6.3361,6,300,16.6,Medio,20.1
3825,-71.22,42.1782,0.1029,30.0,4.93,0,0.428,6,52.9,7.0355,6,300,16.6,Medio,22.2
3826,-71.232,42.1725,0.12757,30.0,4.93,0,0.428,6,7.8,7.0355,6,300,16.6,Medio,23.7
3831,-71.2435,42.163,0.20608,22.0,5.86,0,0.431,5,76.5,7.9549,7,330,19.1,Medio,17.6
3832,-71.2575,42.1618,0.19133,22.0,5.86,0,0.431,5,70.2,7.9549,7,330,19.1,Medio,18.5
3833,-71.262,42.169,0.33983,22.0,5.86,0,0.431,6,34.9,8.0555,7,330,19.1,Medio,24.3
3834,-71.247,42.1703,0.19657,22.0,5.86,0,0.431,6,79.2,8.0555,7,330,19.1,Medio,20.5
3835,-71.255,42.1767,0.16439,22.0,5.86,0,0.431,6,49.1,7.8265,7,330,19.1,Medio,24.5
3836,-71.2475,42.1825,0.19073,22.0,5.86,0,0.431,6,17.5,7.8265,7,330,19.1,Medio,26.2
3837,-71.238,42.191,0.1403,22.0,5.86,0,0.431,6,13.0,7.3967,7,330,19.1,Medio,24.4
3838,-71.2435,42.1982,0.21409,22.0,5.86,0,0.431,6,8.9,7.3967,7,330,19.1,Medio,24.8
3839,-71.2685,42.1935,0.08221,22.0,5.86,0,0.431,6,6.8,8.9067,7,330,19.1,Medio,29.6
3840,-71.2807,42.1727,0.36894,22.0,5.86,0,0.431,8,8.4,8.9067,7,330,19.1,Grande,42.8
3851,-71.2895,42.1575,0.04819,80.0,3.64,0,0.392,6,32.0,9.2203,1,315,16.4,Medio,21.9
3852,-71.269,42.1482,0.03548,80.0,3.64,0,0.392,5,19.1,9.2203,1,315,16.4,Medio,20.9
3861,-71.223,42.145,0.01538,90.0,3.75,0,0.394,7,34.2,6.3361,3,244,15.9,Grande,44.0
4002,-71.0727,42.2077,0.66351,20.0,3.97,0,0.647,7,100.0,1.8946,5,264,13.0,Grande,36.0
4003,-71.0765,42.2075,0.65665,20.0,3.97,0,0.647,6,100.0,2.0107,5,264,13.0,Medio,30.1
4004,-71.08,42.204,0.54011,20.0,3.97,0,0.647,7,81.8,2.1121,5,264,13.0,Grande,33.8
4005,-71.079,42.202,0.53412,20.0,3.97,0,0.647,7,89.4,2.1398,5,264,13.0,Grande,43.1
4007,-71.075,42.198,0.82526,20.0,3.97,0,0.647,7,94.5,2.0788,5,264,13.0,Grande,31.0
4008,-71.071,42.203,0.55007,20.0,3.97,0,0.647,7,91.6,1.9301,5,264,13.0,Grande,36.5
4009,-71.07,42.2,0.76162,20.0,3.97,0,0.647,5,62.8,1.9865,5,264,13.0,Medio,22.8
4010,-71.0725,42.1965,0.7857,20.0,3.97,0,0.647,7,84.6,2.1329,5,264,13.0,Grande,30.7
4012,-71.0925,42.2075,0.5405,20.0,3.97,0,0.575,7,52.6,2.872,5,264,13.0,Grande,43.5
4021,-71.098,42.154,0.09065,20.0,6.96,1,0.464,5,61.5,3.9175,3,223,18.6,Medio,20.7
4022,-71.087,42.141,0.29916,20.0,6.96,0,0.464,5,42.1,4.429,3,223,18.6,Medio,21.1
4023,-71.094,42.1355,0.16211,20.0,6.96,0,0.464,6,16.3,4.429,3,223,18.6,Medio,25.2
4024,-71.0982,42.1445,0.1146,20.0,6.96,0,0.464,6,58.7,3.9175,3,223,18.6,Medio,24.4
4025,-71.117,42.151,0.22188,20.0,6.96,1,0.464,7,51.8,4.3665,3,223,18.6,Grande,35.2
4031,-71.1305,42.1675,0.05644,40.0,6.41,1,0.447,6,32.9,4.0776,4,254,17.6,Medio,32.4
4032,-71.138,42.1733,0.09604,40.0,6.41,0,0.447,6,42.8,4.2673,4,254,17.6,Medio,32.0
4033,-71.1405,42.1632,0.10469,40.0,6.41,1,0.447,7,49.0,4.7872,4,254,17.6,Grande,33.2
4034,-71.1495,42.173,0.06127,40.0,6.41,1,0.447,6,27.6,4.8628,4,254,17.6,Medio,33.1
4035,-71.1395,42.1813,0.07978,40.0,6.41,0,0.447,6,32.1,4.1403,4,254,17.6,Medio,29.1
4041,-71.148,42.188,0.21038,20.0,3.33,0,0.4429,6,32.2,4.1007,5,216,14.9,Medio,35.1
4042,-71.166,42.187,0.03578,20.0,3.33,0,0.4429,7,64.5,4.6947,5,216,14.9,Grande,45.4
4043,-71.185,42.1848,0.03705,20.0,3.33,0,0.4429,6,37.2,5.2447,5,216,14.9,Medio,35.4
4044,-71.1775,42.1735,0.06129,20.0,3.33,1,0.4429,7,49.7,5.2119,5,216,14.9,Grande,46.0
4061,-71.18,42.1105,0.00906,90.0,2.97,0,0.4,7,20.8,7.3073,1,285,15.3,Grande,32.2
4071,-71.2135,42.1,0.01096,55.0,2.25,0,0.389,6,31.9,7.3073,1,300,15.3,Medio,22.0
4091,-71.195,42.0675,0.01965,80.0,1.76,0,0.385,6,31.5,9.0892,1,241,18.2,Medio,20.1
4111,-71.148,42.0775,0.03871,52.5,5.32,0,0.405,6,31.3,7.3172,6,293,16.6,Medio,23.2
4112,-71.1325,42.094,0.0459,52.5,5.32,0,0.405,6,45.6,7.3172,6,293,16.6,Medio,22.3
4113,-71.155,42.098,0.04297,52.5,5.32,0,0.405,6,22.9,7.3172,6,293,16.6,Medio,24.8
4121,-71.1385,42.1235,0.03502,80.0,4.95,0,0.411,6,27.9,5.1167,4,245,19.2,Medio,28.5
4122,-71.133,42.1408,0.07886,80.0,4.95,0,0.411,7,27.7,5.1167,4,245,19.2,Grande,37.3
4123,-71.107,42.1307,0.03615,80.0,4.95,0,0.411,6,23.4,5.1167,4,245,19.2,Medio,27.9
4131,-71.109,42.11,0.08265,0.0,13.92,0,0.437,6,18.4,5.5027,4,289,16.0,Medio,23.9
4132,-71.118,42.1217,0.08199,0.0,13.92,0,0.437,6,42.3,5.5027,4,289,16.0,Medio,21.7
4133,-71.1309,42.1166,0.12932,0.0,13.92,0,0.437,6,31.1,5.9604,4,289,16.0,Medio,28.6
4134,-71.128,42.1108,0.05372,0.0,13.92,0,0.437,6,51.0,5.9604,4,289,16.0,Medio,27.1
4135,-71.121,42.1025,0.14103,0.0,13.92,0,0.437,5,58.0,6.32,4,289,16.0,Medio,20.3
4141,-71.12,42.0725,0.06466,70.0,2.24,0,0.4,6,20.1,7.8278,5,358,14.8,Medio,22.5
4142,-71.1,42.059,0.05561,70.0,2.24,0,0.4,7,10.0,7.8278,5,358,14.8,Grande,29.0
4143,-71.1035,42.0735,0.04417,70.0,2.24,0,0.4,6,47.4,7.8278,5,358,14.8,Medio,24.8
4151,-71.0875,42.095,0.03537,34.0,6.09,0,0.433,6,40.4,5.4917,7,329,16.1,Medio,22.0
4152,-71.0625,42.102,0.09266,34.0,6.09,0,0.433,6,18.4,5.4917,7,329,16.1,Medio,26.4
4153,-71.0865,42.12,0.1,34.0,6.09,0,0.433,6,17.7,5.4917,7,329,16.1,Medio,33.1
4161,-71.0465,42.145,0.05515,33.0,2.18,0,0.472,7,41.1,4.022,7,222,18.4,Grande,36.1
4162,-71.057,42.1525,0.05479,33.0,2.18,0,0.472,6,58.1,3.37,7,222,18.4,Medio,28.4
4163,-71.045,42.159,0.07503,33.0,2.18,0,0.472,7,71.9,3.0992,7,222,18.4,Grande,33.4
4164,-71.028,42.1565,0.04932,33.0,2.18,0,0.472,6,70.3,3.1827,7,222,18.4,Medio,28.2
4171,-71.0138,42.1555,0.49298,0.0,9.9,0,0.544,6,82.5,3.3175,4,304,18.4,Medio,22.8
4172,-71.0201,42.16,0.3494,0.0,9.9,0,0.544,5,76.7,3.1025,4,304,18.4,Medio,20.3
4173,-71.016,42.176,2.63548,0.0,9.9,0,0.544,4,37.8,2.5194,4,304,18.4,Pequeno,16.1
4174,-71.0075,42.178,0.79041,0.0,9.9,0,0.544,6,52.8,2.6403,4,304,18.4,Medio,22.1
4175,-71.015,42.167,0.26169,0.0,9.9,0,0.544,6,90.4,2.834,4,304,18.4,Medio,19.4
4176,-71.0075,42.1613,0.26938,0.0,9.9,0,0.544,6,82.8,3.2628,4,304,18.4,Medio,21.6
4177,-71.0,42.153,0.3692,0.0,9.9,0,0.544,6,87.3,3.6023,4,304,18.4,Medio,23.8
4178,-70.9795,42.158,0.25356,0.0,9.9,0,0.544,5,77.7,3.945,4,304,18.4,Medio,16.2
4179,-70.988,42.1485,0.31827,0.0,9.9,0,0.544,5,83.2,3.9986,4,304,18.4,Medio,17.8
4180,-71.004,42.1425,0.24522,0.0,9.9,0,0.544,5,71.7,4.0317,4,304,18.4,Medio,19.8
4181,-71.01,42.15,0.40202,0.0,9.9,0,0.544,6,67.2,3.5325,4,304,18.4,Medio,23.1
4182,-71.02,42.151,0.47547,0.0,9.9,0,0.544,6,58.8,4.0019,4,304,18.4,Medio,21.0
4191,-71.0085,42.129,0.1676,0.0,7.38,0,0.493,6,52.3,4.5404,5,287,19.6,Medio,23.8
4192,-70.9975,42.134,0.18159,0.0,7.38,0,0.493,6,54.3,4.5404,5,287,19.6,Medio,23.1
4193,-70.99,42.1367,0.35114,0.0,7.38,0,0.493,6,49.9,4.7211,5,287,19.6,Medio,20.4
4194,-70.9834,42.1375,0.28392,0.0,7.38,0,0.493,5,74.3,4.7211,5,287,19.6,Medio,18.5
4195,-70.9895,42.1265,0.34109,0.0,7.38,0,0.493,6,40.1,4.7211,5,287,19.6,Medio,25.0
4196,-71.0,42.1066,0.19186,0.0,7.38,0,0.493,6,14.7,5.4159,5,287,19.6,Medio,24.6
4197,-70.9995,42.1175,0.30347,0.0,7.38,0,0.493,6,28.9,5.4159,5,287,19.6,Medio,23.0
4198,-71.01,42.1215,0.24103,0.0,7.38,0,0.493,6,43.7,5.4159,5,287,19.6,Medio,22.2
4201,-71.0275,42.113,0.06617,0.0,3.24,0,0.46,5,25.8,5.2146,4,430,16.9,Medio,19.3
4202,-71.0415,42.115,0.06724,0.0,3.24,0,0.46,6,17.2,5.2146,4,430,16.9,Medio,22.6
4203,-71.025,42.098,0.04544,0.0,3.24,0,0.46,6,32.2,5.8736,4,430,16.9,Medio,19.8
4211,-71.0115,42.0865,0.05023,35.0,6.06,0,0.4379,5,28.4,6.6407,1,304,16.9,Medio,17.1
4212,-70.996,42.0895,0.03466,35.0,6.06,0,0.4379,6,23.3,6.6407,1,304,16.9,Medio,19.4
4221,-70.9795,42.0995,0.05083,0.0,5.19,0,0.515,6,38.1,6.4584,5,224,20.2,Medio,22.2
4222,-70.965,42.101,0.03738,0.0,5.19,0,0.515,6,38.5,6.4584,5,224,20.2,Medio,20.7
4223,-70.97,42.115,0.03961,0.0,5.19,0,0.515,6,34.5,5.9853,5,224,20.2,Medio,21.1
4224,-70.976,42.128,0.03427,0.0,5.19,0,0.515,5,46.3,5.2311,5,224,20.2,Medio,19.5
4225,-70.9602,42.127,0.03041,0.0,5.19,0,0.515,5,59.6,5.615,5,224,20.2,Medio,18.5
4226,-70.9633,42.1374,0.03306,0.0,5.19,0,0.515,6,37.3,4.8122,5,224,20.2,Medio,20.6
4227,-70.9675,42.144,0.05497,0.0,5.19,0,0.515,5,45.4,4.8122,5,224,20.2,Medio,19.0
4228,-70.965,42.1503,0.06151,0.0,5.19,0,0.515,5,58.5,4.8122,5,224,20.2,Medio,18.7
4231,-70.8875,42.1465,0.01301,35.0,1.52,0,0.442,7,49.3,7.0379,1,284,15.5,Grande,32.7
5001,-70.915,42.16,0.02498,0.0,1.89,0,0.518,6,59.7,6.2669,1,422,15.9,Medio,16.5
5011,-70.937,42.1475,0.02543,55.0,3.78,0,0.484,6,56.4,5.7321,5,370,17.6,Medio,23.9
5012,-70.9325,42.123,0.03049,55.0,3.78,0,0.484,6,28.1,6.4654,5,370,17.6,Medio,31.2
5021,-70.947,42.0725,0.03113,0.0,4.39,0,0.442,6,48.5,8.0136,3,352,18.8,Medio,17.5
5022,-70.9501,42.0825,0.06162,0.0,4.39,0,0.442,5,52.3,8.0136,3,352,18.8,Medio,17.2
5031,-70.9275,42.0795,0.0187,85.0,4.15,0,0.429,6,27.7,8.5353,4,351,17.9,Medio,23.1
5041,-70.92,42.1016,0.01501,80.0,2.01,0,0.435,6,29.7,8.344,4,280,17.0,Medio,24.5
5051,-70.855,42.13,0.02899,40.0,1.25,0,0.429,6,34.5,8.7921,1,335,19.7,Medio,26.6
5052,-70.833,42.115,0.06211,40.0,1.25,0,0.429,6,44.4,8.7921,1,335,19.7,Medio,22.9
5061,-70.83,42.0775,0.0795,60.0,1.69,0,0.411,6,35.9,10.7103,4,411,18.3,Medio,24.1
5062,-70.81,42.059,0.07244,60.0,1.69,0,0.411,5,18.5,10.7103,4,411,18.3,Medio,18.6
5071,-70.83,42.0485,0.01709,90.0,2.02,0,0.41,6,36.1,12.1265,5,187,17.0,Medio,30.1
5081,-70.853,42.052,0.04301,80.0,1.91,0,0.413,5,21.9,10.5857,4,334,22.0,Medio,18.2
5082,-70.8525,42.03,0.10659,80.0,1.91,0,0.413,5,19.5,10.5857,4,334,22.0,Medio,20.6
1,-71.083,42.2172,8.98296,0.0,18.1,1,0.77,6,97.4,2.1222,24,666,20.2,Medio,17.8
2,-71.095,42.212,3.8497,0.0,18.1,1,0.77,6,91.0,2.5052,24,666,20.2,Medio,21.7
3,-71.1007,42.21,5.20177,0.0,18.1,1,0.77,6,83.4,2.7227,24,666,20.2,Medio,22.7
4,-71.093,42.207,4.26131,0.0,18.1,0,0.77,6,81.3,2.5091,24,666,20.2,Medio,22.6
5,-71.0905,42.2033,4.54192,0.0,18.1,0,0.77,6,88.0,2.5182,24,666,20.2,Medio,25.0
6,-71.0865,42.21,3.83684,0.0,18.1,0,0.77,6,91.1,2.2955,24,666,20.2,Medio,19.9
7,-71.081,42.208,3.67822,0.0,18.1,0,0.77,5,96.2,2.1036,24,666,20.2,Medio,20.8
8,-71.0865,42.215,4.22239,0.0,18.1,1,0.77,5,89.0,1.9047,24,666,20.2,Medio,16.8
101,-71.059,42.2098,3.47428,0.0,18.1,1,0.718,8,82.9,1.9047,24,666,20.2,Grande,21.9
102,-71.0595,42.2075,4.55587,0.0,18.1,0,0.718,3,87.9,1.6132,24,666,20.2,Pequeno,27.5
104,-71.054,42.2052,3.69695,0.0,18.1,0,0.718,4,91.4,1.7523,24,666,20.2,Pequeno,21.9
105,-71.0508,42.207,13.5222,0.0,18.1,0,0.631,3,100.0,1.5106,24,666,20.2,Pequeno,23.1
301,-71.0339,42.2207,11.1081,0.0,18.1,0,0.668,4,100.0,1.1742,24,666,20.2,Pequeno,13.8
302,-71.0346,42.2187,18.4982,0.0,18.1,0,0.668,4,100.0,1.137,24,666,20.2,Pequeno,13.8
401,-71.0367,42.224,19.6091,0.0,18.1,0,0.671,7,97.9,1.3163,24,666,20.2,Grande,15.0
402,-71.034,42.226,15.288,0.0,18.1,0,0.671,6,93.3,1.3449,24,666,20.2,Medio,13.9
403,-71.038,42.2265,9.82349,0.0,18.1,0,0.671,6,98.8,1.358,24,666,20.2,Medio,13.3
404,-71.04,42.2248,23.6482,0.0,18.1,0,0.671,6,96.2,1.3861,24,666,20.2,Medio,13.1
405,-71.04,42.2275,17.8667,0.0,18.1,0,0.671,6,100.0,1.3861,24,666,20.2,Medio,10.2
406,-71.046,42.23,88.9762,0.0,18.1,0,0.671,6,91.9,1.4165,24,666,20.2,Medio,10.4
407,-71.041,42.229,15.8744,0.0,18.1,0,0.671,6,99.1,1.5192,24,666,20.2,Medio,10.9
501,-71.023,42.2287,9.18702,0.0,18.1,0,0.7,5,100.0,1.5804,24,666,20.2,Medio,11.3
502,-71.0215,42.227,7.99248,0.0,18.1,0,0.7,5,100.0,1.5331,24,666,20.2,Medio,12.3
503,-71.0245,42.2235,20.0849,0.0,18.1,0,0.7,4,91.2,1.4395,24,666,20.2,Pequeno,8.8
504,-71.0235,42.2213,16.8118,0.0,18.1,0,0.7,5,98.1,1.4261,24,666,20.2,Medio,7.2
506,-71.0228,42.2231,24.3938,0.0,18.1,0,0.7,4,100.0,1.4672,24,666,20.2,Pequeno,10.5
507,-71.0215,42.2248,22.5971,0.0,18.1,0,0.7,5,89.5,1.5184,24,666,20.2,Medio,7.4
508,-71.0195,42.2255,14.3337,0.0,18.1,0,0.7,4,100.0,1.5895,24,666,20.2,Pequeno,10.2
509,-71.0168,42.2281,8.15174,0.0,18.1,0,0.7,5,98.9,1.7281,24,666,20.2,Medio,11.5
510,-71.0109,42.23,6.96215,0.0,18.1,0,0.7,5,97.0,1.9265,24,666,20.2,Medio,15.1
511,-71.0035,42.233,5.29305,0.0,18.1,0,0.7,6,82.5,2.1678,24,666,20.2,Medio,23.2
512,-71.02,42.2205,11.5779,0.0,18.1,0,0.7,5,97.0,1.77,24,666,20.2,Medio,9.7
601,-71.0167,42.201,8.64476,0.0,18.1,0,0.693,6,92.6,1.7912,24,666,20.2,Medio,13.8
602,-71.02,42.1993,13.3598,0.0,18.1,0,0.693,5,94.7,1.7821,24,666,20.2,Medio,12.7
603,-71.022,42.1996,8.71675,0.0,18.1,0,0.693,6,98.8,1.7257,24,666,20.2,Medio,13.1
604,-71.026,42.1993,5.87205,0.0,18.1,0,0.693,6,96.0,1.6768,24,666,20.2,Medio,12.5
605,-71.025,42.2024,7.67202,0.0,18.1,0,0.693,5,98.9,1.6334,24,666,20.2,Medio,8.5
606,-71.023,42.209,38.3518,0.0,18.1,0,0.693,5,100.0,1.4896,24,666,20.2,Medio,5.0
607,-71.033,42.2032,9.91655,0.0,18.1,0,0.693,5,77.8,1.5004,24,666,20.2,Medio,6.3
608,-71.0326,42.2011,25.0461,0.0,18.1,0,0.693,5,100.0,1.5888,24,666,20.2,Medio,5.6
609,-71.03,42.2015,14.2362,0.0,18.1,0,0.693,6,100.0,1.5741,24,666,20.2,Medio,7.2
610,-71.03,42.1988,9.59571,0.0,18.1,0,0.693,6,100.0,1.639,24,666,20.2,Medio,12.1
612,-71.0332,42.198,24.8017,0.0,18.1,0,0.693,5,96.0,1.7028,24,666,20.2,Medio,8.3
613,-71.0345,42.2001,41.5292,0.0,18.1,0,0.693,5,85.4,1.6074,24,666,20.2,Medio,8.5
614,-71.032,42.2057,67.9208,0.0,18.1,0,0.693,5,100.0,1.4254,24,666,20.2,Medio,5.0
702,-71.039,42.2198,20.7162,0.0,18.1,0,0.659,4,100.0,1.1781,24,666,20.2,Pequeno,11.9
703,-71.0427,42.209,11.9511,0.0,18.1,0,0.659,5,100.0,1.2852,24,666,20.2,Medio,27.9
705,-71.0437,42.205,7.40389,0.0,18.1,0,0.597,5,97.9,1.4547,24,666,20.2,Medio,17.2
706,-71.0455,42.206,14.4383,0.0,18.1,0,0.597,6,100.0,1.4655,24,666,20.2,Medio,27.5
707,-71.0462,42.2075,51.1358,0.0,18.1,0,0.597,5,100.0,1.413,24,666,20.2,Medio,15.0
708,-71.0487,42.2048,14.0507,0.0,18.1,0,0.597,6,100.0,1.5275,24,666,20.2,Medio,17.2
709,-71.047,42.203,18.811,0.0,18.1,0,0.597,4,100.0,1.5539,24,666,20.2,Pequeno,17.9
710,-71.0451,42.2015,28.6558,0.0,18.1,0,0.597,5,100.0,1.5894,24,666,20.2,Medio,16.3
801,-71.042,42.1985,45.7461,0.0,18.1,0,0.693,4,100.0,1.6582,24,666,20.2,Pequeno,7.0
802,-71.0455,42.1953,18.0846,0.0,18.1,0,0.679,6,100.0,1.8347,24,666,20.2,Medio,7.2
803,-71.0477,42.1965,10.8342,0.0,18.1,0,0.679,6,90.8,1.8195,24,666,20.2,Medio,7.5
805,-71.0498,42.2007,25.9406,0.0,18.1,0,0.679,5,89.1,1.6475,24,666,20.2,Medio,10.4
807,-71.0525,42.1989,73.5341,0.0,18.1,0,0.679,5,100.0,1.8026,24,666,20.2,Medio,8.8
808,-71.0586,42.1999,11.8123,0.0,18.1,0,0.718,6,76.5,1.794,24,666,20.2,Medio,8.4
809,-71.0618,42.199,11.0874,0.0,18.1,0,0.718,6,100.0,1.8589,24,666,20.2,Medio,16.7
810,-71.065,42.2018,7.02259,0.0,18.1,0,0.718,6,95.3,1.8746,24,666,20.2,Medio,14.2
811,-71.0665,42.197,12.0482,0.0,18.1,0,0.614,5,87.6,1.9512,24,666,20.2,Medio,20.8
812,-71.0619,42.1948,7.05042,0.0,18.1,0,0.614,6,85.1,2.0218,24,666,20.2,Medio,13.4
813,-71.059,42.192,8.79212,0.0,18.1,0,0.584,5,70.6,2.0635,24,666,20.2,Medio,11.7
814,-71.0577,42.1967,15.8603,0.0,18.1,0,0.679,5,95.4,1.9096,24,666,20.2,Medio,8.3
815,-71.0558,42.1937,12.2472,0.0,18.1,0,0.584,5,59.7,1.9976,24,666,20.2,Medio,10.2
816,-71.0542,42.1961,37.6619,0.0,18.1,0,0.679,6,78.7,1.8629,24,666,20.2,Medio,10.9
817,-71.0521,42.194,7.36711,0.0,18.1,0,0.679,6,78.1,1.9356,24,666,20.2,Medio,11.0
818,-71.0485,42.192,9.33889,0.0,18.1,0,0.679,6,95.6,1.9682,24,666,20.2,Medio,9.5
819,-71.0547,42.189,8.49213,0.0,18.1,0,0.584,6,86.1,2.0527,24,666,20.2,Medio,14.5
820,-71.0505,42.188,10.0623,0.0,18.1,0,0.584,6,94.3,2.0882,24,666,20.2,Medio,14.1
821,-71.052,42.1854,6.44405,0.0,18.1,0,0.584,6,74.8,2.2004,24,666,20.2,Medio,16.1
901,-71.0495,42.1815,5.58107,0.0,18.1,0,0.713,6,87.9,2.3158,24,666,20.2,Medio,14.3
902,-71.0475,42.1842,13.9134,0.0,18.1,0,0.713,6,95.0,2.2222,24,666,20.2,Medio,11.7
903,-71.046,42.1867,11.1604,0.0,18.1,0,0.74,6,94.6,2.1247,24,666,20.2,Medio,13.4
904,-71.0455,42.1893,14.4208,0.0,18.1,0,0.74,6,93.3,2.0026,24,666,20.2,Medio,9.6
905,-71.0445,42.1917,15.1772,0.0,18.1,0,0.74,6,100.0,1.9142,24,666,20.2,Medio,8.2
906,-71.0445,42.1938,13.6781,0.0,18.1,0,0.74,5,87.9,1.8206,24,666,20.2,Medio,8.4
907,-71.037,42.194,9.39063,0.0,18.1,0,0.74,5,93.9,1.8172,24,666,20.2,Medio,12.8
908,-71.0321,42.1925,22.0511,0.0,18.1,0,0.74,5,92.4,1.8662,24,666,20.2,Medio,10.5
910,-71.0345,42.185,9.72418,0.0,18.1,0,0.74,6,97.2,2.0651,24,666,20.2,Medio,17.1
911,-71.034,42.189,5.66637,0.0,18.1,0,0.74,6,100.0,2.0048,24,666,20.2,Medio,14.8
912,-71.0378,42.1892,9.96654,0.0,18.1,0,0.74,6,100.0,1.9784,24,666,20.2,Medio,15.4
913,-71.0405,42.192,12.8023,0.0,18.1,0,0.74,5,96.6,1.8956,24,666,20.2,Medio,10.8
914,-71.0425,42.189,10.6718,0.0,18.1,0,0.74,6,94.8,1.9879,24,666,20.2,Medio,11.8
915,-71.039,42.1868,6.28807,0.0,18.1,0,0.74,6,96.4,2.072,24,666,20.2,Medio,14.9
916,-71.037,42.184,9.92485,0.0,18.1,0,0.74,6,96.6,2.198,24,666,20.2,Medio,12.6
917,-71.04,42.182,9.32909,0.0,18.1,0,0.713,6,98.7,2.2616,24,666,20.2,Medio,14.1
918,-71.0428,42.1845,7.52601,0.0,18.1,0,0.713,6,98.3,2.185,24,666,20.2,Medio,13.0
919,-71.046,42.181,6.71772,0.0,18.1,0,0.713,6,92.6,2.3236,24,666,20.2,Medio,13.4
920,-71.041,42.1795,5.44114,0.0,18.1,0,0.713,6,98.2,2.3552,24,666,20.2,Medio,15.2
921,-71.034,42.179,5.09017,0.0,18.1,0,0.713,6,91.8,2.3682,24,666,20.2,Medio,16.1
922,-71.04,42.177,8.24809,0.0,18.1,0,0.713,7,99.3,2.4527,24,666,20.2,Grande,17.8
923,-71.0455,42.1768,9.51363,0.0,18.1,0,0.713,6,94.1,2.4961,24,666,20.2,Medio,14.4
924,-71.051,42.178,4.75237,0.0,18.1,0,0.713,6,86.5,2.4358,24,666,20.2,Medio,14.1
1001,-71.0517,42.1735,4.66883,0.0,18.1,0,0.713,5,87.9,2.5806,24,666,20.2,Medio,12.7
1002,-71.0515,42.17,8.20058,0.0,18.1,0,0.713,5,80.3,2.7792,24,666,20.2,Medio,13.5
1003,-71.0475,42.169,7.75223,0.0,18.1,0,0.713,6,83.7,2.7831,24,666,20.2,Medio,14.9
1004,-71.043,42.169,6.80117,0.0,18.1,0,0.713,6,84.4,2.7175,24,666,20.2,Medio,20.0
1005,-71.043,42.1728,4.81213,0.0,18.1,0,0.713,6,90.0,2.5975,24,666,20.2,Medio,16.4
1006,-71.035,42.1745,3.69311,0.0,18.1,0,0.713,6,88.4,2.5671,24,666,20.2,Medio,17.7
1007,-71.031,42.1695,6.65492,0.0,18.1,0,0.713,6,83.0,2.7344,24,666,20.2,Medio,19.5
1008,-71.0358,42.1675,5.82115,0.0,18.1,0,0.713,6,89.9,2.8016,24,666,20.2,Medio,20.2
1009,-71.045,42.164,7.83932,0.0,18.1,0,0.655,6,65.4,2.9634,24,666,20.2,Medio,21.4
1010,-71.055,42.165,3.1636,0.0,18.1,0,0.655,5,48.2,3.0665,24,666,20.2,Medio,19.9
1011,-71.055,42.1685,3.77498,0.0,18.1,0,0.655,5,84.7,2.8715,24,666,20.2,Medio,19.0
1101,-71.066,42.178,4.42228,0.0,18.1,0,0.584,6,94.5,2.5403,24,666,20.2,Medio,19.1
1102,-71.07,42.168,15.5757,0.0,18.1,0,0.58,5,71.0,2.9084,24,666,20.2,Medio,19.1
1103,-71.069,42.1725,13.0751,0.0,18.1,0,0.58,5,56.7,2.8237,24,666,20.2,Medio,20.1
1104,-71.074,42.168,4.34879,0.0,18.1,0,0.58,6,84.0,3.0334,24,666,20.2,Medio,19.9
1105,-71.0825,42.1698,4.03841,0.0,18.1,0,0.532,6,90.7,3.0993,24,666,20.2,Medio,19.6
1106,-71.0833,42.175,3.56868,0.0,18.1,0,0.58,6,75.0,2.8965,24,666,20.2,Medio,23.2
1201,-71.0732,42.184,4.64689,0.0,18.1,0,0.614,6,67.6,2.5329,24,666,20.2,Medio,29.8
1202,-71.055,42.183,8.05579,0.0,18.1,0,0.584,5,95.4,2.4298,24,666,20.2,Medio,13.8
1203,-71.0511,42.1879,6.39312,0.0,18.1,0,0.584,6,97.4,2.206,24,666,20.2,Medio,13.3
1204,-71.0565,42.188,4.87141,0.0,18.1,0,0.614,6,93.6,2.3053,24,666,20.2,Medio,16.7
1205,-71.0528,42.192,15.0234,0.0,18.1,0,0.614,5,97.3,2.1007,24,666,20.2,Medio,12.0
1206,-71.0558,42.1913,10.233,0.0,18.1,0,0.614,6,96.7,2.1705,24,666,20.2,Medio,14.6
1207,-71.067,42.1945,14.3337,0.0,18.1,0,0.614,6,88.0,1.9512,24,666,20.2,Medio,21.4
1301,-71.1008,42.174,5.82401,0.0,18.1,0,0.532,6,64.7,3.4242,24,666,20.2,Medio,23.0
1302,-71.095,42.173,5.70818,0.0,18.1,0,0.532,6,74.9,3.3317,24,666,20.2,Medio,23.7
1303,-71.09,42.1665,5.73116,0.0,18.1,0,0.532,7,77.0,3.4106,24,666,20.2,Grande,25.0
1304,-71.0975,42.1608,2.81838,0.0,18.1,0,0.532,5,40.3,4.0983,24,666,20.2,Medio,21.8
1401,-71.0804,42.154,2.37857,0.0,18.1,0,0.583,5,41.9,3.724,24,666,20.2,Medio,20.6
1402,-71.075,42.1455,3.67367,0.0,18.1,0,0.583,6,51.9,3.9917,24,666,20.2,Medio,21.2
1403,-71.0715,42.155,5.69175,0.0,18.1,0,0.583,6,79.8,3.5459,24,666,20.2,Medio,19.1
1404,-71.065,42.161,4.83567,0.0,18.1,0,0.583,5,53.2,3.1523,24,666,20.2,Medio,20.6
1601,-71.0189,42.2344,0.15086,0.0,27.74,0,0.609,5,92.7,1.8209,4,711,20.1,Medio,15.2
1602,-71.0228,42.2335,0.18337,0.0,27.74,0,0.609,5,98.3,1.7554,4,711,20.1,Medio,7.0
1604,-71.0245,42.2368,0.20746,0.0,27.74,0,0.609,5,98.0,1.8226,4,711,20.1,Medio,8.1
1605,-71.016,42.2382,0.10574,0.0,27.74,0,0.609,5,98.8,1.8681,4,711,20.1,Medio,13.6
1606,-71.0297,42.2447,0.11132,0.0,27.74,0,0.609,5,83.5,2.1099,4,711,20.1,Medio,20.1
1701,-71.0125,42.2462,0.17331,0.0,9.69,0,0.585,5,54.0,2.3817,6,391,19.2,Medio,21.8
1702,-71.0125,42.25,0.27957,0.0,9.69,0,0.585,5,42.6,2.3817,6,391,19.2,Medio,24.5
1703,-71.0105,42.2547,0.17899,0.0,9.69,0,0.585,5,28.8,2.7986,6,391,19.2,Medio,23.1
1704,-71.001,42.2525,0.2896,0.0,9.69,0,0.585,5,72.9,2.7986,6,391,19.2,Medio,19.7
1705,-70.9947,42.2496,0.26838,0.0,9.69,0,0.585,5,70.6,2.8927,6,391,19.2,Medio,18.3
1706,-71.005,42.2455,0.23912,0.0,9.69,0,0.585,6,65.3,2.4091,6,391,19.2,Medio,21.2
1707,-70.9985,42.243,0.17783,0.0,9.69,0,0.585,5,73.5,2.3999,6,391,19.2,Medio,17.5
1708,-70.992,42.238,0.22438,0.0,9.69,0,0.585,6,79.7,2.4982,6,391,19.2,Medio,16.8
1801,-70.986,42.2312,0.06263,0.0,11.93,0,0.573,6,69.1,2.4786,1,273,21.0,Medio,22.4
1802,-70.991,42.2275,0.04527,0.0,11.93,0,0.573,6,76.7,2.2875,1,273,21.0,Medio,20.6
1803,-70.9948,42.226,0.06076,0.0,11.93,0,0.573,6,91.0,2.1675,1,273,21.0,Medio,23.9
1804,-70.9875,42.224,0.10959,0.0,11.93,0,0.573,6,89.3,2.3889,1,273,21.0,Medio,22.0
1805,-70.9825,42.221,0.04741,0.0,11.93,0,0.573,6,80.8,2.505,1,273,21.0,Medio,19.0
